Date,Open,High,Low,Close,Adj_Close,Volume,Percent_Change,Adj_Percent_Change,Intraday_Range_%,Gap_%,Year,Month,Quarter,Month_Name
2009-02-01,28.850000381469727,29.899999618530273,27.020999908447266,28.016000747680664,28.016000747680664,15237810,-3.289720458103418,-3.289720458103418,10.276269393379957,-0.4107821525261325,2009,2,1,February
2009-03-01,27.110000610351562,31.3799991607666,25.690000534057617,30.305999755859375,30.305999755859375,25233990,8.173896869874596,8.173896869874596,18.775155654150225,-3.2338667659555433,2009,3,1,March
2009-04-01,30.40999984741211,35.30500030517578,29.815000534057617,34.849998474121094,34.849998474121094,35789840,14.993726505865169,14.993726505865169,15.753228153495982,0.34316667455468763,2009,4,2,April
2009-05-01,35.220001220703125,46.0,35.20000076293945,44.606998443603516,44.606998443603516,38834960,27.997131697804157,27.997131697804157,24.211445768347204,1.0617008975101903,2009,5,2,May
2009-06-01,45.29999923706055,47.125,40.0,43.540000915527344,43.540000915527344,24487820,-2.3919957973078443,-2.3919957973078443,16.364262402803636,1.5535696586561185,2009,6,2,June
2009-07-01,43.70000076293945,46.599998474121094,39.29999923706055,46.13800048828125,46.13800048828125,42047310,5.966925856970762,5.966925856970762,15.822097099579985,0.36747782280144564,2009,7,3,July
2009-08-01,46.25,50.0,43.70000076293945,46.744998931884766,46.744998931884766,25017590,1.3156149750305879,1.3156149750305879,13.477375935425076,0.24274894996196714,2009,8,3,August
2009-09-01,47.0,50.58000183105469,45.60499954223633,50.47700119018555,50.47700119018555,20982190,7.983746590173046,7.983746590173046,9.85597830995093,0.5455151865268267,2009,9,3,September
2009-10-01,50.599998474121094,51.54999923706055,47.39500045776367,47.558998107910156,47.558998107910156,27923360,-5.780856654461375,-5.780856654461375,8.736514528479528,0.24366995074077766,2009,10,4,October
2009-11-01,47.30500030517578,51.439998626708984,45.904998779296875,50.3120002746582,50.3120002746582,28679790,5.788604210083559,5.788604210083559,11.001351202885983,-0.5340688678051216,2009,11,4,November
2009-12-01,50.779998779296875,52.380001068115234,49.68899917602539,52.17100143432617,52.17100143432617,35444460,3.694945837016017,3.694945837016017,5.158041475353558,0.9301926023291095,2009,12,4,December
2010-01-01,52.17100143432617,58.0,48.0,49.69499969482422,49.69499969482422,4873600,-4.745934851602939,-4.745934851602939,20.122748891054947,0.0,2010,1,1,January
2010-02-01,49.689998626708984,54.5,47.505001068115234,49.29999923706055,49.29999923706055,76830,-0.7948495023430091,-0.7948495023430091,14.188639026643997,-0.010063523786992278,2010,2,1,February
2010-03-01,49.29999923706055,54.0,40.98500061035156,52.60499954223633,52.60499954223633,149200,6.70385467813821,6.70385467813821,24.740993257111903,0.0,2010,3,1,March
2010-04-01,53.01499938964844,54.5,50.11000061035156,52.404998779296875,52.404998779296875,102530,-0.38019345058424303,-0.38019345058424303,8.37706228777311,0.779393310483583,2010,4,2,April
2010-05-01,52.20000076293945,58.099998474121094,48.79999923706055,50.630001068115234,50.630001068115234,201520,-3.3870770967041275,-3.3870770967041275,18.36855429757697,-0.391180271219486,2010,5,2,May
2010-06-01,50.744998931884766,53.9900016784668,50.0,53.275001525878906,53.275001525878906,343890,5.224176184008389,5.224176184008389,7.489444512786378,0.22713383634896334,2010,6,2,June
2010-07-01,52.1150016784668,55.900001525878906,51.814998626708984,54.189998626708984,54.189998626708984,89610,1.7174980283869212,1.7174980283869212,7.538296738683657,-2.1773811622485395,2010,7,3,July
2010-08-01,54.0,56.29999923706055,50.099998474121094,54.45500183105469,54.45500183105469,80360,0.48902603997316163,0.48902603997316163,11.385548718141273,-0.35061566990949966,2010,8,3,August
2010-09-01,55.0,61.21500015258789,50.599998474121094,60.150001525878906,60.150001525878906,185740,10.458175563913885,10.458175563913885,17.64755013996102,1.00082297423505,2010,9,3,September
2010-10-01,61.0,63.5,52.5,60.79800033569336,60.79800033569336,7859010,1.077304727142292,1.077304727142292,18.092700317878887,1.413131259448748,2010,10,4,October
2010-11-01,61.900001525878906,64.0,57.904998779296875,59.604000091552734,59.604000091552734,22371860,-1.963880781519145,-1.963880781519145,10.225825802531881,1.812561571270269,2010,11,4,November
2010-12-01,60.0,61.97999954223633,57.70000076293945,61.880001068115234,61.880001068115234,17134830,3.8185373012994406,3.8185373012994406,6.916610706883487,0.6643847859858453,2010,12,4,December
2011-01-01,62.09000015258789,62.2859992980957,55.060001373291016,55.46799850463867,55.46799850463867,22223370,-10.361994914024752,-10.361994914024752,13.02732768372811,0.33936503045870503,2011,1,1,January
2011-02-01,55.79999923706055,56.38999938964844,52.724998474121094,54.1609992980957,54.1609992980957,31380340,-2.3563121832017586,-2.3563121832017586,6.766863542076863,0.5985446408240429,2011,2,1,February
2011-03-01,54.790000915527344,58.90999984741211,54.20500183105469,58.43299865722656,58.43299865722656,24009730,7.887593313443642,7.887593313443642,8.051953732440433,1.1613552659353468,2011,3,1,March
2011-04-01,58.70000076293945,59.900001525878906,57.599998474121094,57.95199966430664,57.95199966430664,10793320,-0.8231632878221928,-0.8231632878221928,3.9688070559788,0.4569371961879793,2011,4,2,April
2011-05-01,58.20000076293945,58.349998474121094,54.22999954223633,56.27000045776367,56.27000045776367,18877570,-2.9024006355020227,-2.9024006355020227,7.321839165395497,0.4279422626818509,2011,5,2,May
2011-06-01,56.349998474121094,57.150001525878906,53.209999084472656,56.99399948120117,56.99399948120117,14688470,1.2866518883022593,1.2866518883022593,6.913012733394532,0.14216814591545718,2011,6,2,June
2011-07-01,57.0,58.29999923706055,55.60100173950195,56.367000579833984,56.367000579833984,14241860,-1.100113884048437,-1.100113884048437,4.788258147133333,0.010528334304398708,2011,7,3,July
2011-08-01,56.500999450683594,56.86000061035156,48.41999816894531,50.900001525878906,50.900001525878906,49559620,-9.698935543345133,-9.698935543345133,16.581536715897993,0.23772574284811102,2011,8,3,August
2011-09-01,51.255001068115234,52.5,48.7130012512207,50.03799819946289,50.03799819946289,30895590,-1.6935231838406728,-1.6935231838406728,7.568245903210307,0.6974450522478609,2011,9,3,September
2011-10-01,51.2400016784668,54.75,48.20000076293945,53.8849983215332,53.8849983215332,18203770,7.688157521280714,7.688157521280714,12.155515340237239,2.402181386658287,2011,10,4,October
2011-11-01,53.599998474121094,53.95000076293945,47.599998474121094,49.06800079345703,49.06800079345703,21494590,-8.93940368956313,-8.93940368956313,12.941228878567026,-0.5289038810236344,2011,11,4,November
2011-12-01,50.20000076293945,51.84000015258789,46.28499984741211,47.005001068115234,47.005001068115234,29620560,-4.2043688187452855,-4.2043688187452855,11.817892094345444,2.30700242760526,2011,12,4,December
2012-01-01,47.29999923706055,52.79899978637695,46.75,52.5880012512207,52.5880012512207,16771080,11.877459964345306,11.877459964345306,11.502623492914251,0.6275888995680031,2012,1,1,January
2012-02-01,52.60200119018555,56.88399887084961,52.29999923706055,55.145999908447266,55.145999908447266,24215240,4.864224911318882,4.864224911318882,8.312478949333341,0.02662192635533714,2012,2,1,February
2012-03-01,54.9109992980957,55.060001373291016,50.20000076293945,53.33300018310547,53.33300018310547,20437480,-3.28763596335494,-3.28763596335494,9.11255806661161,-0.4261426227499868,2012,3,1,March
2012-04-01,53.400001525878906,53.970001220703125,51.92499923706055,52.513999938964844,52.513999938964844,9022530,-1.5356350502105487,-1.5356350502105487,3.8942034238858425,0.12562830244577505,2012,4,2,April
2012-05-01,52.9900016784668,54.0,48.369998931884766,49.87099838256836,49.87099838256836,18665100,-5.032946565617458,-5.032946565617458,11.289128452826633,0.9064282668530164,2012,5,2,May
2012-06-01,49.724998474121094,53.900001525878906,48.375,53.39899826049805,53.39899826049805,15685390,7.074251553710309,7.074251553710309,10.34663889934061,-0.2927551346120587,2012,6,2,June
2012-07-01,53.5,53.70000076293945,51.0099983215332,52.797000885009766,52.797000885009766,11464400,-1.1273570574330538,-1.1273570574330538,5.094990996297294,0.1891453824830816,2012,7,3,July
2012-08-01,52.779998779296875,54.755001068115234,52.209999084472656,52.8129997253418,52.8129997253418,16894820,0.030302555190342417,0.030302555190342417,4.818893069657212,-0.03220278695360118,2012,8,3,August
2012-09-01,53.0,57.70000076293945,52.349998474121094,57.275001525878906,57.275001525878906,16329080,8.44868086217807,8.44868086217807,9.340902918005224,0.35408000990421473,2012,9,3,September
2012-10-01,57.20000076293945,58.5,56.6609992980957,56.97080993652344,56.97080993652344,9322770,-0.5311070820627095,-0.5311070820627095,3.227970084949295,-0.13094851321054105,2012,10,4,October
2012-11-01,57.267478942871094,0.0,0.0,59.6297492980957,59.6297492980957,0,4.667195998327633,4.667195998327633,0.0,0.5207386145259357,2012,11,4,November
2012-12-01,59.53749084472656,0.0,0.0,59.888851165771484,59.888851165771484,0,0.43451778805996266,0.43451778805996266,0.0,-0.15471883490224053,2012,12,4,December
2013-01-01,60.351661682128906,0.0,0.0,61.1870002746582,61.1870002746582,0,2.1675972799903187,2.1675972799903187,0.0,0.7727824250232634,2013,1,1,January
2013-02-01,60.822940826416016,0.0,0.0,57.73102951049805,57.73102951049805,0,-5.648210810542897,-5.648210810542897,0.0,-0.5949947645872253,2013,2,1,February
2013-03-01,58.016109466552734,0.0,0.0,56.941429138183594,56.941429138183594,0,-1.3677226597368586,-1.3677226597368586,0.0,0.4938071579043076,2013,3,1,March
2013-04-01,57.15719985961914,0.0,0.0,59.39617919921875,59.39617919921875,0,4.311008870321897,4.311008870321897,0.0,0.3789345028764936,2013,4,2,April
2013-05-01,60.085941314697266,0.0,0.0,60.214481353759766,60.214481353759766,0,1.3777016730257552,1.3777016730257552,0.0,1.1612903805899828,2013,5,2,May
2013-06-01,59.74551010131836,59.099998474121094,56.0099983215332,58.96799850463867,58.96799850463867,2985360,-2.0700715527183777,-2.0700715527183777,5.240130631777876,-0.778834662190649,2013,6,2,June
2013-07-01,58.900001525878906,61.349998474121094,57.499000549316406,58.124000549316406,58.124000549316406,8941770,-1.4312813334776409,-1.4312813334776409,6.625486698110594,-0.11531166138260009,2013,7,3,July
2013-08-01,58.20000076293945,60.099998474121094,51.93299865722656,55.08000183105469,55.08000183105469,12545470,-5.23707709292821,-5.23707709292821,14.827522776678432,0.13075530401346525,2013,8,3,August
2013-09-01,55.31999969482422,61.96500015258789,53.900001525878906,58.2239990234375,58.2239990234375,12662450,5.7080557150784195,5.7080557150784195,13.851674158386986,0.435725954595408,2013,9,3,September
2013-10-01,57.5,63.69499969482422,57.099998474121094,63.59199905395508,63.59199905395508,10944710,9.219566021833604,9.219566021833604,10.37080343253174,-1.2434718253311,2013,10,4,October
2013-11-01,63.5,64.33699798583984,60.400001525878906,62.41999816894531,62.41999816894531,6965800,-1.8430005385038695,-1.8430005385038695,6.307267823534862,-0.14467080029520835,2013,11,4,November
2013-12-01,62.516998291015625,70.0,62.0,63.75299835205078,63.75299835205078,6885460,2.135533838846948,2.135533838846948,12.548429417896797,0.1553991107269388,2013,12,4,December
2014-01-01,63.599998474121094,64.39900207519531,61.150001525878906,61.7239990234375,61.7239990234375,5087540,-3.182594358007973,-3.182594358007973,5.263755752576422,-0.2399885211434387,2014,1,1,January
2014-02-01,61.67499923706055,66.3550033569336,58.6150016784668,63.441001892089844,63.441001892089844,3888090,2.7817427513087356,2.7817427513087356,12.200314382853183,-0.07938530742045277,2014,2,1,February
2014-03-01,63.39699935913086,67.5999984741211,62.80099868774414,67.0,67.0,7274830,5.609933641911646,5.609933641911646,7.16268624832381,-0.06935976993842344,2014,3,1,March
2014-04-01,67.03299713134766,69.28800201416016,66.53700256347656,67.27899932861328,67.27899932861328,5142830,0.4164169083780367,0.4164169083780367,4.088942282341011,0.049249449772621266,2014,4,2,April
2014-05-01,67.56999969482422,76.10199737548828,66.5989990234375,72.375,72.375,36587000,7.5744299443220475,7.5744299443220475,13.130222248083982,0.43252778595828056,2014,5,2,May
2014-06-01,72.71600341796875,78.5999984741211,72.03500366210938,76.46700286865234,76.46700286865234,7450330,5.653889973958326,5.653889973958326,8.585395746827471,0.4711618901122625,2014,6,2,June
2014-07-01,76.5,78.9000015258789,74.51000213623047,78.01399993896484,78.01399993896484,11601160,2.023091022633361,2.023091022633361,5.627194340865747,0.043152118050625764,2014,7,3,July
2014-08-01,77.75,80.69999694824219,76.32099914550781,80.61199951171875,80.61199951171875,5546050,3.3301709626303966,3.3301709626303966,5.432191025230418,-0.33840072188502984,2014,8,3,August
2014-09-01,80.80000305175781,82.6989974975586,79.59500122070312,80.71800231933594,80.71800231933594,8104580,0.13149755403569774,0.13149755403569774,3.845482033333113,0.23322029124427315,2014,9,3,September
2014-10-01,80.6500015258789,84.19499969482422,78.40499877929688,84.11499786376953,84.11499786376953,6864870,4.208473261013612,4.208473261013612,6.883434657996043,-0.0842448914778726,2014,10,4,October
2014-11-01,84.5,90.95999908447266,84.0,86.93099975585938,86.93099975585938,5163120,3.347799992399181,3.347799992399181,8.006348833004804,0.4577092623291844,2014,11,4,November
2014-12-01,86.91999816894531,87.0999984741211,80.72100067138672,83.87699890136719,83.87699890136719,9130870,-3.5131320967999535,-3.5131320967999535,7.605181260998119,-0.01265553938751402,2014,12,4,December
2015-01-01,83.8499984741211,90.80000305175781,80.41000366210938,89.48200225830078,89.48200225830078,11494990,6.682408086064973,6.682408086064973,11.611272800597854,-0.03219050228280598,2015,1,1,January
2015-02-01,89.5,90.9000015258789,85.4010009765625,89.20378112792969,89.20378112792969,12401060,-0.3109241225603965,-0.3109241225603965,6.164537511509891,0.020113253218525508,2015,2,1,February
2015-03-01,89.62000274658203,91.5,83.31500244140625,85.0780029296875,85.0780029296875,12107350,-4.625115825892278,-4.625115825892278,9.620580263688396,0.4665963857018891,2015,3,1,March
2015-04-01,85.19999694824219,88.66999816894531,81.80699920654297,82.2750015258789,82.2750015258789,10808600,-3.294625293596898,-3.294625293596898,8.341536110751266,0.14339078769339372,2015,4,2,April
2015-05-01,82.89800262451172,85.02999877929688,80.5,84.6449966430664,84.6449966430664,11740310,2.880577421128372,2.880577421128372,5.351762016601066,0.757217972748202,2015,5,2,May
2015-06-01,84.6449966430664,84.9990005493164,80.10099792480469,84.375,84.375,10312670,-0.31897531310083327,-0.31897531310083327,5.805040147569445,0.0,2015,6,2,June
2015-07-01,84.4000015258789,87.56999969482422,84.09500122070312,86.4229965209961,86.4229965209961,12978750,2.4272551359953765,2.4272551359953765,4.020918753120135,0.029631438078703703,2015,7,3,July
2015-08-01,86.30000305175781,87.25,77.69999694824219,80.85900115966797,80.85900115966797,15574180,-6.438095860256798,-6.438095860256798,11.810686398289697,-0.14231567313035776,2015,8,3,August
2015-09-01,80.5009994506836,81.5999984741211,76.41200256347656,80.1989974975586,80.1989974975586,18352810,-0.8162401867988667,-0.8162401867988667,6.468903692720677,-0.4427481218540507,2015,9,3,September
2015-10-01,80.39800262451172,84.19999694824219,80.0999984741211,81.86100006103516,81.86100006103516,6996340,2.0723483027667022,2.0723483027667022,5.0084881336218166,0.24813917026728802,2015,10,4,October
2015-11-01,81.86100006103516,82.29900360107422,78.37000274658203,80.33100128173828,80.33100128173828,7045150,-1.869020385966591,-1.869020385966591,4.8910144175999095,0.0,2015,11,4,November
2015-12-01,80.3499984741211,80.697998046875,76.43499755859375,80.3010025024414,80.3010025024414,15680690,-0.03734396287637942,-0.03734396287637942,5.308776173935863,0.023648643835753044,2015,12,4,December
2016-01-01,80.19999694824219,80.75,73.5,76.22899627685547,76.22899627685547,18197370,-5.070928255798723,-5.070928255798723,9.510816558135941,-0.12578367772699706,2016,1,1,January
2016-02-01,76.4000015258789,76.69999694824219,69.45999908447266,70.83799743652344,70.83799743652344,21583740,-7.072110487658145,-7.072110487658145,10.220500473996536,0.22433097295727852,2016,2,1,February
2016-03-01,71.03500366210938,80.0,71.03500366210938,79.12699890136719,79.12699890136719,31904780,11.701349226128777,11.701349226128777,11.32988292537874,0.27810812376856214,2016,3,1,March
2016-04-01,79.0,80.83000183105469,76.0,79.51699829101562,79.51699829101562,8994440,0.49287777252182696,0.49287777252182696,6.074175251658631,-0.1605000861027135,2016,4,2,April
2016-05-01,79.30000305175781,83.0999984741211,78.0,82.66799926757812,82.66799926757812,8444580,3.962675961472395,3.962675961472395,6.169253543458239,-0.272891638167295,2016,5,2,May
2016-06-01,82.69999694824219,84.44999694824219,80.94999694824219,84.28800201416016,84.28800201416016,9418730,1.959649151951104,1.959649151951104,4.152429665389398,0.038706247819658784,2016,6,2,June
2016-07-01,84.5,88.27999877929688,84.30000305175781,88.11100006103516,88.11100006103516,11542050,4.535637285877003,4.535637285877003,4.51702480369317,0.25151620725833396,2016,7,3,July
2016-08-01,88.10299682617188,89.75,84.43000030517578,89.61699676513672,89.61699676513672,5447050,1.709203962114092,1.709203962114092,5.936373552850227,-0.009083127938324782,2016,8,3,August
2016-09-01,89.75,91.5,87.5,87.85800170898438,87.85800170898438,6578590,-1.962791791340901,-1.962791791340901,4.552801022323911,0.14841295698833648,2016,9,3,September
2016-10-01,88.0989990234375,91.87000274658203,86.80000305175781,88.17900085449219,88.17900085449219,5358810,0.3653613094582786,0.3653613094582786,5.749667886564551,0.27430320490487614,2016,10,4,October
2016-11-01,88.0999984741211,94.98999786376953,66.28099822998047,83.91799926757812,83.91799926757812,23164940,-4.832218040149172,-4.832218040149172,34.2107770494486,-0.089593190675248,2016,11,4,November
2016-12-01,84.0,84.3499984741211,80.65499877929688,83.48899841308594,83.48899841308594,10022700,-0.5112143500040967,-0.5112143500040967,4.425732449851824,0.09771530915603721,2016,12,4,December
2017-01-01,84.0,88.35900115966797,83.0,87.22799682617188,87.22799682617188,7451890,4.478432469133442,4.478432469133442,6.143671016941266,0.6120585905052238,2017,1,1,January
2017-02-01,87.5,91.45500183105469,87.04000091552734,90.66500091552734,90.66500091552734,5142650,3.9402533755357627,3.9402533755357627,4.86957576897926,0.3118301276253924,2017,2,1,February
2017-03-01,90.7300033569336,98.125,90.5999984741211,93.8270034790039,93.8270034790039,31960140,3.48756690183305,3.48756690183305,8.020080836923253,0.07169518640033194,2017,3,1,March
2017-04-01,94.0999984741211,96.0,92.70099639892578,94.98799896240234,94.98799896240234,4756190,1.2373788358894355,1.2373788358894355,3.4730741115833097,0.2909556790634125,2017,4,2,April
2017-05-01,95.0999984741211,98.5,94.69100189208984,98.22200012207031,98.22200012207031,6050970,3.4046418442271076,3.4046418442271076,3.877948018953323,0.11790911793297286,2017,5,2,May
2017-06-01,98.4000015258789,99.4000015258789,96.81999969482422,97.5979995727539,97.5979995727539,4475020,-0.6352961134378221,-0.6352961134378221,2.643498680658346,0.18122355845673432,2017,6,2,June
2017-07-01,97.69999694824219,103.87999725341797,97.61799621582031,103.427001953125,103.427001953125,11728470,5.9724609171173615,5.9724609171173615,6.054512766826316,0.10450764968010216,2017,7,3,July
2017-08-01,102.4020004272461,104.39900207519531,96.6259994506836,102.15299987792969,102.15299987792969,10024080,-1.2317886539655376,-1.2317886539655376,7.60917705187343,-0.9910386132467184,2017,8,3,August
2017-09-01,102.19999694824219,105.0,100.0,100.99800109863281,100.99800109863281,8704630,-1.1306557621186597,-1.1306557621186597,4.950593027199708,0.04600654936091974,2017,9,3,September
2017-10-01,100.99800109863281,107.5,100.99800109863281,106.51699829101562,106.51699829101562,8263250,5.4644618035490256,5.4644618035490256,6.104189008033294,0.0,2017,10,4,October
2017-11-01,107.0,108.0999984741211,104.29000091552734,105.74600219726562,105.74600219726562,3899070,-0.7238244656909698,-0.7238244656909698,3.602970778494611,0.45345035697003366,2017,11,4,November
2017-12-01,106.6989974975586,108.9000015258789,103.69999694824219,108.447998046875,108.447998046875,7244040,2.555175414167321,2.555175414167321,4.794929063963998,0.9012116585884618,2017,12,4,December
2018-01-01,108.4990005493164,115.0,106.0999984741211,113.54399871826172,113.54399871826172,22963170,4.6990269651488115,4.6990269651488115,7.838372460320516,0.04702945500142953,2018,1,1,January
2018-02-01,113.5,114.7300033569336,100.5250015258789,108.66999816894531,108.66999816894531,11972820,-4.292609564870387,-4.292609564870387,13.071686822862263,-0.03875036880715587,2018,2,1,February
2018-03-01,108.5,109.9990005493164,102.19999694824219,104.92500305175781,104.92500305175781,12235770,-3.446208871159906,-3.446208871159906,7.432931497964404,-0.15643523678082932,2018,3,1,March
2018-04-01,105.0,111.5,104.76000213623047,111.16799926757812,111.16799926757812,16365300,5.949960480573679,5.949960480573679,6.0628939156731185,0.07147671771350124,2018,4,2,April
2018-05-01,111.16799926757812,113.0,107.69999694824219,111.25,111.25,5260360,0.0737628930646661,0.0737628930646661,4.764047686973314,0.0,2018,5,2,May
2018-06-01,108.19999694824219,113.0,91.08999633789062,111.18800354003906,111.18800354003906,3064910,-0.055727155021068064,-0.055727155021068064,19.70536655442287,-2.741575776860955,2018,6,2,June
2018-07-01,112.5,118.4739990234375,110.5,118.25,118.25,3913530,6.351401441809235,6.351401441809235,6.743339554704017,1.1799802300510636,2018,7,3,July
2018-08-01,118.25,124.98999786376953,117.0,121.9000015258789,121.9000015258789,3902630,3.086682051483214,3.086682051483214,6.554551077731762,0.0,2018,8,3,August
2018-09-01,122.5,124.9990005493164,113.26799774169922,114.13999938964844,114.13999938964844,4506390,-6.36587533970051,-6.36587533970051,10.277731619368744,0.49220546891766553,2018,9,3,September
2018-10-01,114.0999984741211,115.30899810791016,99.01000213623047,108.47599792480469,108.47599792480469,12986780,-4.962328276792882,-4.962328276792882,15.025439989939631,-0.03504548426602805,2018,10,4,October
2018-11-01,108.625,114.58999633789062,108.10199737548828,113.50800323486328,113.50800323486328,7669720,4.638819099453473,4.638819099453473,5.7158955998704375,0.1373594878551847,2018,11,4,November
2018-12-01,113.80000305175781,118.80000305175781,104.69999694824219,113.67500305175781,113.67500305175781,11959390,0.14712602824047405,0.14712602824047405,12.403787750149164,0.25725042162035433,2018,12,4,December
2019-01-01,113.67500305175781,114.68900299072266,110.8550033569336,113.46900177001953,113.46900177001953,10242270,-0.18121950843008605,-0.18121950843008605,3.3788960632260285,0.0,2019,1,1,January
2019-02-01,110.95500183105469,116.29900360107422,110.26499938964844,113.36000061035156,113.36000061035156,20177500,-0.09606249986132687,-0.09606249986132687,5.322868894616768,-2.215583022454231,2019,2,1,February
2019-03-01,113.36000061035156,125.5,112.19999694824219,122.06099700927734,122.06099700927734,13421180,7.6755437121365455,7.6755437121365455,10.89619401580583,0.0,2019,3,1,March
2019-04-01,122.4000015258789,126.5,120.0009994506836,123.40699768066406,123.40699768066406,7411470,1.1027279019230063,1.1027279019230063,5.266314448499624,0.2777336945525656,2019,4,2,April
2019-05-01,123.40699768066406,126.4800033569336,116.69999694824219,125.2490005493164,125.2490005493164,18788390,1.4926243270408701,1.4926243270408701,7.808450658926064,0.0,2019,5,2,May
2019-06-01,126.0,127.9000015258789,122.5,124.29199981689453,124.29199981689453,9615370,-0.7640785381317738,-0.7640785381317738,4.34460909296988,0.5996051444641189,2019,6,2,June
2019-07-01,124.9990005493164,126.7699966430664,114.41000366210938,117.5770034790039,117.5770034790039,9810070,-5.4025973898425335,-5.4025973898425335,10.512253770070092,0.5688223968263605,2019,7,3,July
2019-08-01,117.5,118.3489990234375,112.80000305175781,116.61399841308594,116.61399841308594,13364800,-0.8190420213336491,-0.8190420213336491,4.758430417610141,-0.06549195567622797,2019,8,3,August
2019-09-01,116.61399841308594,124.19999694824219,113.11100006103516,121.56700134277344,121.56700134277344,24147280,4.247348514834637,4.247348514834637,9.121716226215213,0.0,2019,9,3,September
2019-10-01,121.79499816894531,126.5,117.00599670410156,125.49800109863281,125.49800109863281,18999230,3.233607568204655,3.233607568204655,7.565063357811415,0.18754828502268417,2019,10,4,October
2019-11-01,125.4000015258789,129.5,124.96700286865234,127.51300048828125,127.51300048828125,14363190,1.6056027761468306,1.6056027761468306,3.554929390720635,-0.07808855272275238,2019,11,4,November
2019-12-01,127.51300048828125,131.25,12.904999732971191,129.14999389648438,129.14999389648438,13846942,1.2837854978979824,1.2837854978979824,91.6337637320247,0.0,2019,12,4,December
2020-01-01,128.9499969482422,134.60000610351562,124.4000015258789,127.16999816894531,127.16999816894531,10993089,-1.533097809610473,-1.533097809610473,8.020763328223072,-0.15485633580632455,2020,1,1,January
2020-02-01,127.3499984741211,129.9499969482422,119.11000061035156,119.29000091552734,119.29000091552734,24281762,-6.196427905070346,-6.196427905070346,9.087095527450566,0.14154305871472206,2020,2,1,February
2020-03-01,122.05000305175781,142.9499969482422,81.0,91.94000244140625,91.94000244140625,111455244,-22.92731852143115,-22.92731852143115,67.38089547879139,2.313691101557544,2020,3,1,March
2020-04-01,91.94000244140625,105.98999786376953,86.3499984741211,104.18000030517578,104.18000030517578,54589763,13.313027560087498,13.313027560087498,18.851986304585083,0.0,2020,4,2,April
2020-05-01,104.18000030517578,106.80000305175781,84.5999984741211,101.37999725341797,101.37999725341797,45599323,-2.6876589014741104,-2.6876589014741104,21.897815327557883,0.0,2020,5,2,May
2020-06-01,102.0,111.91000366210938,95.0,109.5199966430664,109.5199966430664,69857852,8.02919669577522,8.02919669577522,15.440106081467754,0.6115631913386427,2020,6,2,June
2020-07-01,110.91999816894531,135.60000610351562,108.75,118.0199966430664,118.0199966430664,51365071,7.761139755785518,7.761139755785518,22.750387110007637,1.2783067647834327,2020,7,3,July
2020-08-01,118.0199966430664,139.3000030517578,116.05000305175781,121.02999877929688,121.02999877929688,34433289,2.5504170664686354,2.5504170664686354,19.21011338882794,0.0,2020,8,3,August
2020-09-01,134.8800048828125,141.3000030517578,102.26000213623047,119.93000030517578,119.93000030517578,28750870,-0.9088643189421042,-0.9088643189421042,32.55232286849457,11.443448932666417,2020,9,3,September
2020-10-01,120.5,146.1999969482422,109.5,124.56999969482422,124.56999969482422,37731616,3.868923019962822,3.868923019962822,29.461344656137978,0.4752769893886338,2020,10,4,October
2020-11-01,127.69000244140625,154.89999389648438,114.69999694824219,138.3800048828125,138.3800048828125,44216420,11.086140500779074,11.086140500779074,29.05043758474042,2.504618089608669,2020,11,4,November
2020-12-01,149.6999969482422,159.0,129.6999969482422,149.07000732421875,149.07000732421875,36484207,7.725106275620597,7.725106275620597,19.655196627200787,8.180366863706976,2020,12,4,December
2021-01-01,159.67999267578125,174.8800048828125,140.1999969482422,146.10000610351562,146.10000610351562,40089477,-1.9923533070227428,-1.9923533070227428,23.73717076370184,7.117451418974166,2021,1,1,January
2021-02-01,150.0,179.6999969482422,146.24000549316406,156.14999389648438,156.14999389648438,56423750,6.878841460039409,6.878841460039409,21.42810935827482,2.6694002283074023,2021,2,1,February
2021-03-01,161.99000549316406,183.60000610351562,137.3000030517578,157.16000366210938,157.16000366210938,48453097,0.6468202402201584,0.6468202402201584,29.46042375469895,3.7400011687167742,2021,3,1,March
2021-04-01,137.0500030517578,179.8800048828125,132.0,157.0,157.0,38901050,-0.10180940339844513,-0.10180940339844513,30.496818396695858,-12.795876903634865,2021,4,2,April
2021-05-01,156.49000549316406,179.0,150.8000030517578,166.7899932861328,166.7899932861328,28493453,6.235664513460382,6.235664513460382,16.907487309424084,-0.3248372655005971,2021,5,2,May
2021-06-01,179.0,184.8800048828125,159.0,169.1300048828125,169.1300048828125,26234000,1.4029688175988708,1.4029688175988708,15.301841267458336,7.320587088771319,2021,6,2,June
2021-07-01,173.4499969482422,184.89999389648438,135.50999450683594,169.69000244140625,169.69000244140625,21908012,0.33110479656270897,0.33110479656270897,29.1060160758161,2.554243446290291,2021,7,3,July
2021-08-01,174.69000244140625,194.75,155.39999389648438,184.5500030517578,184.5500030517578,21933697,8.757145616450025,8.757145616450025,21.322137877440053,2.946549548036275,2021,8,3,August
2021-09-01,187.6999969482422,221.6999969482422,163.1999969482422,190.11000061035156,190.11000061035156,31303259,3.012732303794352,3.012732303794352,30.77165841469923,1.7068511755055058,2021,9,3,September
2021-10-01,193.5,219.8000030517578,167.5,191.16000366210938,191.16000366210938,28826607,0.5523134229586946,0.5523134229586946,27.359281256450625,1.7831778332359074,2021,10,4,October
2021-11-01,208.8800048828125,209.39999389648438,177.1999969482422,183.6999969482422,183.6999969482422,36980950,-3.9024934980924963,-3.9024934980924963,17.528577835150752,9.269722160094036,2021,11,4,November
2021-12-01,187.5,192.5,177.85000610351562,187.7899932861328,187.7899932861328,47652948,2.2264542220123085,2.2264542220123085,7.801264401858941,2.0685917881797624,2021,12,4,December
2022-01-01,190.0,223.0,182.6999969482422,187.6300048828125,187.6300048828125,56503820,-0.08519538262964366,-0.08519538262964366,21.47844268134399,1.1768500947224771,2022,1,1,January
2022-02-01,190.8000030517578,199.85000610351562,176.10000610351562,181.83999633789062,181.83999633789062,77560444,-3.0858649439028274,-3.0858649439028274,13.060932951113974,1.6894942634176173,2022,2,1,February
2022-03-01,181.83999633789062,198.0,170.25999450683594,188.8699951171875,188.8699951171875,91275857,3.866035482223551,3.866035482223551,14.687354376195286,0.0,2022,3,1,March
2022-04-01,189.94000244140625,210.0,182.1999969482422,185.42999267578125,185.42999267578125,79849068,-1.821359946174539,-1.821359946174539,14.99218257553689,0.5665311335211537,2022,4,2,April
2022-05-01,176.25,194.47999572753906,153.3000030517578,179.8699951171875,179.8699951171875,90906043,-2.9984348693338103,-2.9984348693338103,22.89430910861591,-4.950651479468152,2022,5,2,May
2022-06-01,180.19000244140625,184.99000549316406,165.6999969482422,171.60000610351562,171.60000610351562,87734263,-4.597759069423379,-4.597759069423379,11.241263320984622,0.1779103424171782,2022,6,2,June
2022-07-01,172.3800048828125,186.8000030517578,169.0,186.5399932861328,186.5399932861328,74152072,8.70628592728886,8.70628592728886,9.542191322187126,0.45454472701262616,2022,7,3,July
2022-08-01,186.5399932861328,199.99000549316406,168.39999389648438,193.9199981689453,193.9199981689453,77497057,3.9562587908386737,3.9562587908386737,16.29022890623076,0.0,2022,8,3,August
2022-09-01,193.6999969482422,199.8800048828125,181.8000030517578,186.8300018310547,186.8300018310547,78085609,-3.656145010744971,-3.656145010744971,9.677247580077607,-0.11344947544371232,2022,9,3,September
2022-10-01,184.60000610351562,196.5,176.11000061035156,196.27000427246094,196.27000427246094,62100516,5.052722982865765,5.052722982865765,10.388749653942613,-1.1935961599762694,2022,10,4,October
2022-11-01,197.8000030517578,207.49000549316406,194.60000610351562,204.6999969482422,204.6999969482422,45971420,4.295099858498386,4.295099858498386,6.297019825021119,0.7795377520718546,2022,11,4,November
2022-12-01,207.49000549316406,207.49000549316406,176.5,198.0399932861328,198.0399932861328,52963080,-3.2535436059597633,-3.2535436059597633,15.648357172174299,1.3629743949763324,2022,12,4,December
2023-01-01,200.99000549316406,202.0,190.5,193.44000244140625,193.44000244140625,85072694,-2.322758533969649,-2.322758533969649,5.944995789318911,1.4896042754197651,2023,1,1,January
2023-02-01,196.99000549316406,203.5,189.10000610351562,189.6999969482422,189.6999969482422,68803864,-1.9334188616425996,-1.9334188616425996,7.590929956848272,1.8351959299799547,2023,2,1,February
2023-03-01,191.88999938964844,196.5,184.50999450683594,189.86000061035156,189.86000061035156,80839130,0.0843456324108649,0.0843456324108649,6.315182478994652,1.154455707241667,2023,3,1,March
2023-04-01,191.49000549316406,197.72000122070312,189.1999969482422,197.2899932861328,197.2899932861328,46695946,3.913406010689835,3.913406010689835,4.318518202848859,0.8585299049681077,2023,4,2,April
2023-05-01,197.2899932861328,205.49000549316406,196.11000061035156,203.66000366210938,203.66000366210938,66418381,3.2287549256175607,3.2287549256175607,4.605717722746774,0.0,2023,5,2,May
2023-06-01,205.38999938964844,212.4499969482422,202.11000061035156,210.61000061035156,210.61000061035156,53186792,3.41254876915984,3.41254876915984,4.90954670145061,0.8494528608618136,2023,6,2,June
2023-07-01,213.4499969482422,220.39999389648438,210.14999389648438,217.5800018310547,217.5800018310547,53208103,3.309435069799127,3.309435069799127,4.710910889668464,1.3484622428470938,2023,7,3,July
2023-08-01,218.0,218.47000122070312,207.14999389648438,212.77000427246094,212.77000427246094,52035383,-2.2106799881032257,-2.2106799881032257,5.320302249805383,0.19303160465612568,2023,8,3,August
2023-09-01,216.8699951171875,226.1999969482422,207.85000610351562,216.75,216.75,51039395,1.8705624136955423,1.8705624136955423,8.46597040125793,1.9269590461051793,2023,9,3,September
2023-10-01,216.75,225.3000030517578,208.36000061035156,210.97999572753906,210.97999572753906,66840247,-2.6620550276636346,-2.6620550276636346,8.029198400061908,0.0,2023,10,4,October
2023-11-01,213.9499969482422,228.3000030517578,209.5800018310547,222.1300048828125,222.1300048828125,56925152,5.284865570702091,5.284865570702091,8.427497775718818,1.4077169783141923,2023,11,4,November
2023-12-01,223.99000549316406,247.35000610351562,221.0,239.64999389648438,239.64999389648438,62985291,7.887268099109246,7.887268099109246,10.995204162157158,0.8373477555780137,2023,12,4,December
2024-01-01,240.99000549316406,244.99000549316406,233.3000030517578,240.25999450683594,240.25999450683594,67641549,0.25453812889102423,0.25453812889102423,4.8655634348953765,0.5591536118538349,2024,1,1,January
2024-02-01,241.99000549316406,249.25,234.75,243.25,243.25,58261955,1.244487455891874,1.244487455891874,5.960945529290853,0.720057864764041,2024,2,1,February
2024-03-01,244.5800018310547,251.10000610351562,240.5399932861328,247.01980590820312,247.01980590820312,62049378,1.5497660465377594,1.5497660465377594,4.274966041106476,0.546763342674075,2024,3,1,March
2024-04-01,254.35000610351562,254.69000244140625,241.30999755859375,250.05999755859375,250.05999755859375,74425369,1.2307481334190795,1.2307481334190795,5.350717833098161,2.967454438870594,2024,4,2,April
2024-05-01,250.05999755859375,256.760009765625,242.27000427246094,251.14999389648438,251.14999389648438,101941618,0.43589392487106693,0.43589392487106693,5.769462809199333,0.0,2024,5,2,May
2024-06-01,258.70001220703125,268.5,242.1300048828125,267.4800109863281,267.4800109863281,133088068,6.50209734688445,6.50209734688445,9.858678792463248,3.006178974329874,2024,6,2,June
2024-07-01,267.989990234375,278.20001220703125,267.0,277.75,277.75,65523780,3.839535139766692,3.839535139766692,4.0324076352947795,0.19066069504271924,2024,7,3,July
2024-08-01,273.010009765625,281.75,266.55999755859375,281.0799865722656,281.0799865722656,77678536,1.198915057521388,1.198915057521388,5.404156527345251,-1.706567141089109,2024,8,3,August
2024-09-01,280.010009765625,293.989990234375,276.4800109863281,288.3800048828125,288.3800048828125,84233769,2.597132011983372,2.597132011983372,6.071842343980234,-0.38066630772573135,2024,9,3,September
2024-10-01,288.7799987792969,289.32000732421875,269.0,270.6400146484375,270.6400146484375,120130068,-6.151602029961789,-6.151602029961789,7.508131179572438,0.1387037553615822,2024,10,4,October
2024-11-01,270.6400146484375,274.3999938964844,255.75,269.8800048828125,269.8800048828125,101419348,-0.28081943707114476,-0.28081943707114476,6.910476344693484,0.0,2024,11,4,November
2024-12-01,271.989990234375,277.989990234375,257.54998779296875,264.4700012207031,264.4700012207031,86304121,-2.0045959553241066,-2.0045959553241066,7.72866576438242,0.7818235191149858,2024,12,4,December
2025-01-01,264.4700012207031,270.989990234375,255.13999938964844,263.0,263.0,126233586,-0.5558290974091995,-0.5558290974091995,6.026612488489187,0.0,2025,1,1,January
2025-02-01,261.010009765625,267.989990234375,248.0800018310547,248.4499969482422,248.4499969482422,130284603,-5.53232055199917,-5.53232055199917,8.013680276867952,-0.756650279230038,2025,2,1,February
2025-03-01,255.89999389648438,266.82000732421875,246.0800018310547,263.2099914550781,263.2099914550781,116180110,5.9408310276255705,5.9408310276255705,7.879642174109391,2.9985900743618012,2025,3,1,March
2025-04-01,262.3800048828125,277.0899963378906,231.3000030517578,271.989990234375,271.989990234375,190023424,3.335739168091334,3.335739168091334,16.835175899920202,-0.31533247187057417,2025,4,2,April
2025-05-01,271.989990234375,284.19000244140625,266.1600036621094,277.9700012207031,277.9700012207031,149716545,2.1986143612031883,2.1986143612031883,6.486311004827239,0.0,2025,5,2,May
2025-06-01,276.0,289.3900146484375,271.2799987792969,286.510009765625,286.510009765625,140684903,3.072277046954164,3.072277046954164,6.320901627121243,-0.7087100090124401,2025,6,2,June
2025-07-01,287.8800048828125,287.8900146484375,277.3299865722656,279.260009765625,279.260009765625,102079464,-2.5304526030105357,-2.5304526030105357,3.781432251984309,0.4781665807446668,2025,7,3,July
2025-08-01,280.989990234375,284.989990234375,272.3299865722656,276.05999755859375,276.05999755859375,74300072,-1.1458898858153432,-1.1458898858153432,4.585960941125593,0.6194873624053524,2025,8,3,August
2025-09-01,276.8900146484375,295.29998779296875,275.67999267578125,277.5199890136719,277.5199890136719,94767579,0.5288674447547326,0.5288674447547326,7.069759258393791,0.3006654702543706,2025,9,3,September
2025-10-01,276.6600036621094,295.3800048828125,270.5799865722656,291.0799865722656,291.0799865722656,113401078,4.886133646367985,4.886133646367985,8.520001186818057,-0.309882309601898,2025,10,4,October
2025-11-01,292.7900085449219,301.6099853515625,286.3500061035156,296.489990234375,296.489990234375,97981369,1.8585969189490292,1.8585969189490292,5.146878394101561,0.5874749386906776,2025,11,4,November
2025-12-01,297.2799987792969,302.25,284.5,295.30999755859375,295.30999755859375,121460422,-0.3979873569588177,-0.3979873569588177,6.010632943938224,0.2664536985877244,2025,12,4,December
2026-01-01,296.19000244140625,298.0,288.3999938964844,291.8699951171875,291.8699951171875,53248044,-1.1648784226222175,-1.1648784226222175,3.2891377202583527,0.29799359658925684,2026,1,1,January
